"","Mean","Median","upto10th_percentile","upto20th_percentile","upto25th_percentile","upto30th_percentile","upto40th_percentile","upto60th_percentile","upto70th_percentile","upto75th_percentile","upto80th_percentile","upto90th_percentile","upto95th_percentile","upto99th_percentile"
"1",0.307692307692308,0.307692307692308,0.307692307692308,0.307692307692308,0.307692307692308,0.307692307692308,0.307692307692308,0.307692307692308,0.307692307692308,0.307692307692308,0.307692307692308,0.307692307692308,0.307692307692308,0.307692307692308
